Word,Count
|,68
the,43
=,40
Games,34
2021,34
Solar,34
Lighthouse,34
project,34
Deer,34
to,31
/,21
a,15
for,15
\%f"\,\,14
and,14
is,13
runtimeData,12
RuntimeData&,12
Functions,12
in,11
\1.5f,\,10
we,10
\0.2f),\,10
\ColorF(0.2f,\,10
const,10
\0.7f,\,10
gEnv->pTimer->GetFrameTime());,10
set,9
/////////////////////////////////////////////////////////////////////////////////////,9
~IEntityComponent,9
of,9
IEntityComponent,9
GetRuntimeData<RuntimeData>(context);,8
\%f,\,8
camera,6
when,6
</summary>,6
this,6
<summary>,6
player,6
target,5
update,5
component,5
type,5
cursor,5
node,5
as,5
Load,5
IPersistantDebug*,4
gEnv->pGameFramework->GetIPersistantDebug();,4
game,4
class,4
IInputEvents,4
GetRuntimeData<RuntimeData>(updateContext);,4
true);,4
Signals,4
be,4
цели,4
{,4
,4
unique,4
spawned,4
Vec3&,4
entity,4
для,4
weapon,4
will,4
identifier,4
Reflect,4
Look,4
by,4
//////////////////////////////////////////////////////,4
DEBUG_MODULAR_BEHAVIOR_TREE,4
input,4
mode,3
if,3
that,3
rotate,3
local,3
Add,3
can,3
},3
with,3
DRS,3
not,3
user,3
need,3
inputs,3
~IInputEvents,3
Third,3
one,3
state,3
at,3
\debug->Add2DText(string().Format("\engine\,3
view,3
At,3
Spawn,3
SpawnCursorEntity();,3
ассистента,3
Person,3
If,3
last,3
map,3
observer,3
Register,3
dev,3
it,3
debug,3
all,3
выбора,3
SIGNALS,3
are,3
after,3
The,3
being,3
also,2
pp.bCopyJointVelocities,2
make,2
case,2
editing,2
null,2
TO,2
~IPawnEvents,2
Engines,2
remove,2
only,2
rotations,2
Crytek,2
из,2
Pawn,2
global,2
bit,2
down,2
\mode,\,2
боя,2
Events,2
custom,2
len:,2
provide,2
*,2
relativeContactVelocity,2
material,2
additional,2
sandbox,2
mouse,2
////////////////////////////////////////////////////////,2
REGISTER,2
value,2
editor,2
output,2
radians,2
Camera,2
Set,2
Rotate,2
Sensible,2
RemoveCursorEntity();,2
\CryLog("\impulse\,2
was,2
created,2
default,2
observerId,2
movement,2
pp;,2
any,2
Copyright,2
system,2
Scale,2
track,2
Cursor,2
instance,2
segment,2
\debug->Begin("\player_lookAT"\,\,2
~Flowgraph,2
scaling,2
destroyed,2
current,2
unsubscribe,2
features,2
automatically,2
out,2
retain,2
point,2
Send,2
projectile,2
what,2
used,2
sure,2
character,2
requests,2
Default,2
expose,2
raycast,2
called,2
Flowgraph,2
IPawnEvents,2
enter,2
\RAD2DEG(localCamRotate.GetRotZ())).c_str(),\,2
on,2
Create,2
signal,2
smooth,2
first,2
outputs,2
those,2
each,2
\debug->Add2DText(string().Format("\angle:\,2
protocol,2
We,2
Выход,2
information,2
yaw,2
geometry,2
режима,2
load,2
individually,1
Fire,1
pef_monitor_poststep;,1
quantbrain,1
NULL),1
\CryLog("\impulse:\,1
\debug->Begin("\player_car"\,\,1
CGamePlugin,1
m_pEntity->SetLocalTM(m_pEntity->GetParentAttachPointWorldTM().GetInverted(),1
(gEnv->pSystem->IsSerializingFile(),1
up,1
entries,1
Included,1
ownership,1
two,1
\clamp_tpl(m_viewYaw,\,1
1.0f;,1
reset,1
--,1
happen,1
factory,1
implementation,1
initialized,1
\gEnv->pEntitySystem->RemoveEntity(m_pControlledPawn->GetEntityId(),\,1
\relativeContactVelocity.y,\,1
m_pEntity->Physicalize(pp);,1
playerDyn.kInertia,1
m_collisionWorldPos);,1
multiple,1
error,1
pPhysCollision->pt;,1
end,1
pp.nSlot,1
todo,1
pe_player_dynamics,1
Called,1
actually,1
1999-2016,1
5.5f;,1
example,1
&playerDyn;,1
Writed,1
\pDebug->Add2DText(string().Format("\angle:\,1
full,1
main,1
relativeContactVelocity2.len2());,1
Represents,1
\0.f,\,1
m_viewPitch,1
pp.mass);,1
Cinematic,1
\relMove.t.x,\,1
manually,1
low,1
mode:,1
\relativeContactVelocity2.y,\,1
\pDebug->Add2DText(string().Format("\vel:\,1
\to,\,1
WORLD,1
send,1
ESYSTEM_EVENT_GAME_POST_INIT,1
0;,1
--in,1
contactMass);,1
CPlayerComponent,1
pPhysicalEntity,1
\CryLog("\mass\,1
has,1
Keep,1
(pPhysicalEntity,1
noise,1
DEG2RAD(60.0f));,1
rpm:,1
fire,1
find,1
\m_pAnimationComponent->SetControllerDefinitionFile("\Animations/Mannequin/ADB/FirstPersonControllerDefinition.xml"\);\,1
adjusted,1
\entities,\,1
(pCollision->pEntity[(int)!event.nParam[1]]->GetType(),1
Xbox,1
he,1
void,1
m_pRagdollComponent,1
TransformControl:,1
application,1
...);,1
flashlight,1
All,1
states,1
relativeContactVelocity.len2());,1
register,1
an,1
~Flow,1
original,1
extra,1
pp.pPlayerDynamics,1
COMPONENT,1
(a,1
than,1
considering,1
xbox,1
2,1
overloaded,1
server,1
(this,1
some,1
It's,1
mode),1
tag,1
filter,1
limited,1
look,1
LookAt:,1
temp,1
~IEntityEventListener,1
\pDebug->Begin("\CHPlayerDebug"\,\,1
participating,1
Searching,1
should,1
identifiers,1
pCharacter->GetISkeletonPose()->SetDefaultPose();,1
int,1
~IEntityComponentPreviewer,1
pPhysCollision->n;,1
CRY_STATIC_AUTO_REGISTER_WITH_PARAM,1
empty,1
BevaviorTree,1
pp.nFlagsOR,1
or,1
parametrized,1
float,1
requested,1
P,1
wheels,1
GetEntity()->GetPhysics();,1
Flow,1
car,1
module,1
Mouse,1
MATRIX,1
rotating,1
fight,1
!=,1
events),1
\...)>(&Class::method),\,1
Keyboard,1
already,1
pCharacter->EnableProceduralFacialAnimation(false);,1
values,1
change,1
over,1
SEARCH,1
attached,1
Старт,1
Nodes,1
m_pAnimationComponent->GetCharacter();,1
DisableCollisionWithPlayers(),1
Mesh,1
terminator,1
around,1
short,1
BehaviorTree,1
(Lower,1
inversion,1
cinemetic,1
14),1
attach,1
filtered,1
into,1
thisEntityIndex,1
pp.flagsAND,1
pCharacter,1
Test,1
pe_params_part,1
pass,1
framework,1
replase,1
(will,1
(cinematic,1
gameplay,1
events,1
Control,1
able,1
our,1
Режим,1
\arg1,\,1
\vel.z).c_str(),\,1
methods,1
\DEG2RAD(5.0f),\,1
\DEG2RAD(-90.0f),\,1
reference,1
disambiguate,1
\m_pAnimationComponent->SetMannequinAnimationDatabaseFile("\Animations/Mannequin/ADB/Dude.adb"\);\,1
playerDyn.gravity,1
ready,1
==,1
then,1
\T2,\,1
destructors,1
fragment,1
needed,1
flowsystem,1
\AIWaves,\,1
it's,1
Установка,1
bone,1
Source,1
LOCAL,1
\GetFootBrake()).c_str(),\,1
entityId,1
SEARCHING,1
port,1
Constructors,1
doing,1
pp.type,1
LookAt,1
playerDim;,1
get,1
just,1
Acquire,1
IEntityEventListener,1
rather,1
\m_pAnimationComponent->SetControllerDefinitionFile("\Animations/Mannequin/ADB/DudeDefenition.xml"\);\,1
Player,1
\CryLog("\WATER!"\);\,1
в,1
want,1
pitch,1
remainder,1
animation,1
Check,1
missing,1
Weapon,1
States,1
entry-point,1
how,1
\vel.y,\,1
pPhysCollision->vloc[thisEntityIndex];,1
throttle:,1
view):,1
\events,\,1
compiler,1
Only,1
\abs(RAD2DEG(relMove.q.GetRotZ()))).c_str(),\,1
Calculate,1
camMatrix);,1
ассистентом,1
belong,1
\m_pVehiclePhysics->GetVelocity().len2()).c_str(),\,1
LOCATION,1
frametime,1
\protocols,\,1
fix,1
\relMove.t.y,\,1
avoid,1
defining,1
false);,1
Circle,1
stuck,1
nullptr;,1
loaded,1
life,1
entities,1
\relMove.t.z).c_str(),\,1
режим,1
\(C),\,1
Clamp,1
add,1
call,1
bit(s),1
protocols,1
functions,1
template,1
m_pEntity->GetOrCreateComponent<Cry::DefaultComponents::CRagdollComponent>();,1
function,1
immediately,1
Controller,1
increase,1
(which,1
\methods,\,1
pDebug,1
start,1
order,1
2:,1
&&,1
m_pControlledPawn,1
pp.mass,1
FOV,1
procedural,1
delta,1
pe_player_dimensions,1
Here,1
finding,1
Group,1
explicitly,1
),1
acculmated,1
Car,1
model,1
\GetThrottle()).c_str(),\,1
DLL,1
too,1
Target,1
gear:,1
~ISystemEventListener,1
\(float)__fsel(-pp.mass,\,1
\(Class::*)(T1,\,1
observers,1
MOVE,1
\m_pAnimationComponent->SetDefaultScopeContextName("\DudeCharacter"\);\,1
Subscribing,1
Animate,1
member,1
-15.0f);,1
ICharacterInstance*,1
No,1
pCharacter->GetISkeletonPose()),1
taking,1
An,1
assistant,1
stop,1
worth,1
Cover,1
Track,1
before,1
FPS,1
Removed,1
Call,1
pPhysicalEntity->SetParams(&pp);,1
per,1
Movement,1
true;,1
Localization,1
pPhysCollision->mass[thisEntityIndex];,1
\debug->Add2DText(string().Format("\brake:\,1
controller,1
pp.fStiffnessScale,1
m_pRagdollComponent->ApplyImpulse(m_collisionVelocity,1
etc,1
time,1
so,1
Two,1
SEntityPhysicalizeParams,1
playerDyn;,1
we're,1
\clamp_tpl(m_viewPitch,\,1
\Vec3(0.f,\,1
newly,1
Input,1
small,1
contactNormal,1
notify(static_cast<void,1
m_pEntity->RemoveComponent<,1
much,1
~geom_colltype_player;,1
CryEngine,1
structures,1
could,1
\debug->Add2DText(string().Format("\vel:\,1
rights,1
setup,1
For,1
still,1
\m_pAnimationComponent->SetDefaultScopeContextName("\FirstPersonCharacter"\);\,1
\arg2,\,1
\relativeContactVelocity.x,\,1
shutdown),1
components,1
\pDebug->Add2DText(string().Format("\rel:\,1
IEntityComponentPreviewer,1
overriding,1
\m_pAnimationComponent->SetCharacterFile("\Objects/Characters/SampleCharacter/thirdperson.cdf"\);\,1
test,1
Inputs,1
rot,1
subscribed,1
relativeContactVelocity2.z);,1
Sandbox,1
\m_pAnimationComponent->SetCharacterFile("\Objects/Characters/Dude/dude.cdf"\);\,1
group,1
изучения,1
\vel.x,\,1
count,1
Find,1
delete,1
its,1
IResponseAction,1
FOR,1
ViewControl:,1
OnClientConnectionReceived,1
\CryLog("\impulse2:\,1
\m_pAnimationComponent->SetMannequinAnimationDatabaseFile("\Animations/Mannequin/ADB/FirstPerson.adb"\);\,1
necessary,1
static_cast<int>(event.nParam[1]);,1
client,1
\GetCurrentGear()).c_str(),\,1
subscribe,1
reaction,1
!gEnv->pSystem->IsSerializingFile();,1
spawn,1
stands,1
parameters,1
Движение,1
\5000,\,1
Cry::IEnginePlugin,1
static,1
callback,1
result,1
\Sooner,\,1
File,1
event,1
pCollision->vloc[0];,1
spawner,1
forwarded,1
Don't,1
\GetEngineRPM()).c_str(),\,1
here,1
working,1
more,1
stored,1
protocol's,1
\80.0f,\,1
good,1
previous,1
registered,1
does,1
contactMass,1
\Crytek,\,1
Get/Set,1
CItem,1
Бой,1
ITEM,1
between,1
once,1
But,1
They're,1
PS4,1
ISystemEventListener,1
construct,1
IPhysicalEntity*,1
Cry::DefaultComponents::CCharacterControllerComponent>();,1
special,1
In,1
GmbH,1
2001-2019,1
Collision,1
Toggle,1
engine,1
\relativeContactVelocity2.x,\,1
\delta,\,1
DEG2RAD(90.0f));,1
use,1
O,1
contactPoint,1
m_viewYaw,1
handing,1
\zeroed,\,1
pos,1
logic,1
attempts,1
Make,1
required,1
always,1
reserved,1
PE_ARTICULATED;,1
speed,1
PE_PARTICLE),1
plug-in,1
~Cry::IEnginePlugin,1
\%i"\,\,1
account,1
level,1
stabilise,1
Вход,1
Assistant,1
library,1
relativeContactVelocity.z);,1
