File,Function,LOC,SLOC-P,SLOC-L,MVG,BLOC,C&SLOC,CLOC,CWORD
C:\Users\quant\Documents\DeerSolarGames\LighthouseCRY\LighthouseCRY\Code\GamePlugin.cpp,CGamePlugin::~CGamePlugin(),7,6,4,1,1,0,0,0,
C:\Users\quant\Documents\DeerSolarGames\LighthouseCRY\LighthouseCRY\Code\GamePlugin.cpp,"CGamePlugin::Initialize(SSystemGlobalEnvironment& env, const SSystemInitParams& initParams)",22,15,11,3,5,0,2,17,
C:\Users\quant\Documents\DeerSolarGames\LighthouseCRY\LighthouseCRY\Code\GamePlugin.cpp,"CGamePlugin::OnSystemEvent(ESystemEvent event, UINT_PTR wparam, UINT_PTR lparam)",45,34,15,5,4,0,7,52,
C:\Users\quant\Documents\DeerSolarGames\LighthouseCRY\LighthouseCRY\Code\BehaviorTrees\BehaviorTreeNodes_Assistant.cpp,RegisterBehaviorTreeNodes_Assistant(),13,10,10,0,3,0,0,0,
C:\Users\quant\Documents\DeerSolarGames\LighthouseCRY\LighthouseCRY\Code\Components\AreaTrigger.cpp,RegisterTriggerComponent(Schematyc::IEnvRegistrar& registrar),10,8,6,0,1,0,1,1,
C:\Users\quant\Documents\DeerSolarGames\LighthouseCRY\LighthouseCRY\Code\Components\AreaTrigger.cpp,"CAreaTriggerComponent::OnTriggerFlownodeActivation(EntityId entityId, IFlowNode::SActivationInfo* pActInfo, const CEntityFlowNode* pNode)",12,11,7,1,1,0,0,0,
C:\Users\quant\Documents\DeerSolarGames\LighthouseCRY\LighthouseCRY\Code\Components\AreaTrigger.cpp,"CAreaTriggerComponent::ActivateFlowNodeOutput(const int portIndex, const TFlowInputData& inputData)",7,6,6,0,1,0,0,0,
C:\Users\quant\Documents\DeerSolarGames\LighthouseCRY\LighthouseCRY\Code\Components\AreaTrigger.cpp,CAreaTriggerComponent::Initialize(),2,2,2,0,0,0,0,0,
C:\Users\quant\Documents\DeerSolarGames\LighthouseCRY\LighthouseCRY\Code\Components\AreaTrigger.cpp,CAreaTriggerComponent::GetEventMask() const,5,5,2,1,0,0,0,0,
C:\Users\quant\Documents\DeerSolarGames\LighthouseCRY\LighthouseCRY\Code\Components\AreaTrigger.cpp,CAreaTriggerComponent::ProcessEvent(const SEntityEvent& event),43,42,24,9,1,0,0,0,
C:\Users\quant\Documents\DeerSolarGames\LighthouseCRY\LighthouseCRY\Code\Components\AreaTrigger.cpp,CAreaTriggerComponent::CreateHelper(),5,5,3,1,0,0,0,0,
C:\Users\quant\Documents\DeerSolarGames\LighthouseCRY\LighthouseCRY\Code\Components\AreaTrigger.cpp,CAreaTriggerComponent::RemoveHelper(),2,2,2,0,0,0,0,0,
C:\Users\quant\Documents\DeerSolarGames\LighthouseCRY\LighthouseCRY\Code\Components\Assistant.cpp,RegisterAssistantComponent(Schematyc::IEnvRegistrar& registrar),11,10,8,0,0,0,1,1,
C:\Users\quant\Documents\DeerSolarGames\LighthouseCRY\LighthouseCRY\Code\Components\Assistant.cpp,CAssistantComponent::~CAssistantComponent(),2,2,2,0,0,0,0,0,
C:\Users\quant\Documents\DeerSolarGames\LighthouseCRY\LighthouseCRY\Code\Components\Assistant.cpp,CAssistantComponent::Initialize(),22,15,13,0,5,0,2,4,
C:\Users\quant\Documents\DeerSolarGames\LighthouseCRY\LighthouseCRY\Code\Components\Assistant.cpp,CAssistantComponent::GetEventPriority() const,2,2,2,1,0,0,0,0,
C:\Users\quant\Documents\DeerSolarGames\LighthouseCRY\LighthouseCRY\Code\Components\Assistant.cpp,CAssistantComponent::GetEventMask() const,3,3,2,1,0,0,0,0,
C:\Users\quant\Documents\DeerSolarGames\LighthouseCRY\LighthouseCRY\Code\Components\Assistant.cpp,CAssistantComponent::ProcessEvent(const SEntityEvent& event),34,32,20,6,2,0,0,0,
C:\Users\quant\Documents\DeerSolarGames\LighthouseCRY\LighthouseCRY\Code\Components\Assistant.cpp,CAssistantComponent::SendEventBehaviorTree(string signalName),3,3,3,0,0,0,0,0,
C:\Users\quant\Documents\DeerSolarGames\LighthouseCRY\LighthouseCRY\Code\Components\Assistant.cpp,CAssistantComponent::MoveToPlayer(),28,22,14,7,6,0,0,0,
C:\Users\quant\Documents\DeerSolarGames\LighthouseCRY\LighthouseCRY\Code\Components\Assistant.cpp,CAssistantComponent::FollowToPlayer(),2,2,2,1,0,0,0,0,
C:\Users\quant\Documents\DeerSolarGames\LighthouseCRY\LighthouseCRY\Code\Components\Assistant.cpp,CAssistantComponent::Searching(Vec3 searchPos),34,29,17,9,5,0,0,0,
C:\Users\quant\Documents\DeerSolarGames\LighthouseCRY\LighthouseCRY\Code\Components\Assistant.cpp,CAssistantComponent::MoveToLocation(Vec3 targetPos),23,18,12,6,5,0,0,0,
C:\Users\quant\Documents\DeerSolarGames\LighthouseCRY\LighthouseCRY\Code\Components\Assistant.cpp,CAssistantComponent::FindReachablePosition(Vec3 position),37,32,20,8,4,0,1,1,
C:\Users\quant\Documents\DeerSolarGames\LighthouseCRY\LighthouseCRY\Code\Components\Assistant.cpp,CAssistantComponent::SendDRSSignal(string signalName),2,2,2,0,0,0,0,0,
C:\Users\quant\Documents\DeerSolarGames\LighthouseCRY\LighthouseCRY\Code\Components\Assistant.cpp,CAssistantComponent::GetDistanceToPlayer(),6,6,4,3,0,0,0,0,
C:\Users\quant\Documents\DeerSolarGames\LighthouseCRY\LighthouseCRY\Code\Components\Assistant.cpp,CAssistantComponent::UpdateLook(),30,15,13,1,12,0,3,14,
C:\Users\quant\Documents\DeerSolarGames\LighthouseCRY\LighthouseCRY\Code\Components\Assistant.cpp,CAssistantComponent::InitializeEngineBones(),13,10,8,1,3,0,0,0,
C:\Users\quant\Documents\DeerSolarGames\LighthouseCRY\LighthouseCRY\Code\Components\Assistant.cpp,CAssistantComponent::UpdateEngineDir(),18,14,12,1,4,0,0,0,
C:\Users\quant\Documents\DeerSolarGames\LighthouseCRY\LighthouseCRY\Code\Components\Assistant.cpp,CAssistantComponent::UpdateCheckCurrentPosition(),10,10,6,1,0,0,0,0,
C:\Users\quant\Documents\DeerSolarGames\LighthouseCRY\LighthouseCRY\Code\Components\Assistant.cpp,CAssistantComponent::RandomLook(),29,23,13,4,4,0,2,6,
C:\Users\quant\Documents\DeerSolarGames\LighthouseCRY\LighthouseCRY\Code\Components\Assistant.cpp,CAssistantComponent::CreateFlashlight(),17,14,10,2,3,0,0,0,
C:\Users\quant\Documents\DeerSolarGames\LighthouseCRY\LighthouseCRY\Code\Components\Assistant.cpp,CAssistantComponent::OnStartSelectTargetForAssistant(),2,2,2,0,0,0,0,0,
C:\Users\quant\Documents\DeerSolarGames\LighthouseCRY\LighthouseCRY\Code\Components\CinematicTrigger.cpp,RegisterCinematicTrigger(Schematyc::IEnvRegistrar& registrar),16,12,9,0,2,0,2,2,
C:\Users\quant\Documents\DeerSolarGames\LighthouseCRY\LighthouseCRY\Code\Components\CinematicTrigger.cpp,ReflectType(Schematyc::CTypeDesc<SOnEnteredSignal>& desc),4,4,4,0,0,0,0,0,
C:\Users\quant\Documents\DeerSolarGames\LighthouseCRY\LighthouseCRY\Code\Components\CinematicTrigger.cpp,ReflectType(Schematyc::CTypeDesc<SOnLeaveSignal>& desc),4,4,4,0,0,0,0,0,
C:\Users\quant\Documents\DeerSolarGames\LighthouseCRY\LighthouseCRY\Code\Components\CinematicTrigger.cpp,"CCinematicTrigger::OnTriggerFlownodeActivation(EntityId entityId, IFlowNode::SActivationInfo* pActInfo, const CEntityFlowNode* pNode)",12,11,7,1,1,0,0,0,
C:\Users\quant\Documents\DeerSolarGames\LighthouseCRY\LighthouseCRY\Code\Components\CinematicTrigger.cpp,"CCinematicTrigger::ActivateFlowNodeOutput(const int portIndex, const TFlowInputData& inputData)",7,6,6,0,1,0,0,0,
C:\Users\quant\Documents\DeerSolarGames\LighthouseCRY\LighthouseCRY\Code\Components\CinematicTrigger.cpp,CCinematicTrigger::Initialize(),3,3,3,0,0,0,0,0,
C:\Users\quant\Documents\DeerSolarGames\LighthouseCRY\LighthouseCRY\Code\Components\CinematicTrigger.cpp,CCinematicTrigger::Enable(bool enable),12,10,6,2,2,0,0,0,
C:\Users\quant\Documents\DeerSolarGames\LighthouseCRY\LighthouseCRY\Code\Components\CinematicTrigger.cpp,CCinematicTrigger::Setup(),8,8,6,1,0,0,0,0,
C:\Users\quant\Documents\DeerSolarGames\LighthouseCRY\LighthouseCRY\Code\Components\CinematicTrigger.cpp,CCinematicTrigger::ProcessEvent(const SEntityEvent& event),75,66,38,14,9,0,0,0,
C:\Users\quant\Documents\DeerSolarGames\LighthouseCRY\LighthouseCRY\Code\Components\CinematicTrigger.cpp,CCinematicTrigger::GetEventMask() const,3,3,2,1,0,0,0,0,
C:\Users\quant\Documents\DeerSolarGames\LighthouseCRY\LighthouseCRY\Code\Components\CinematicTrigger.cpp,CCinematicTrigger::CreateGeometry() const,8,7,7,1,1,0,0,0,
C:\Users\quant\Documents\DeerSolarGames\LighthouseCRY\LighthouseCRY\Code\Components\CinematicTrigger.cpp,CCinematicTrigger::IsVisible(),26,22,16,4,4,0,0,0,
C:\Users\quant\Documents\DeerSolarGames\LighthouseCRY\LighthouseCRY\Code\Components\CinematicTrigger.cpp,CCinematicTrigger::IsInRange(),16,13,9,5,3,0,0,0,
C:\Users\quant\Documents\DeerSolarGames\LighthouseCRY\LighthouseCRY\Code\Components\CinematicTrigger.cpp,"CCinematicTrigger::Render(const IEntity& entity, const IEntityComponent& component, SEntityPreviewContext& context) const",13,10,10,0,3,0,0,0,
C:\Users\quant\Documents\DeerSolarGames\LighthouseCRY\LighthouseCRY\Code\Components\ClearAllComponents.cpp,RegisterCClearAllComponents(Schematyc::IEnvRegistrar& registrar),8,7,5,0,0,0,1,1,
C:\Users\quant\Documents\DeerSolarGames\LighthouseCRY\LighthouseCRY\Code\Components\Explosion.cpp,RegisterExplosionComponent(Schematyc::IEnvRegistrar& registrar),8,7,5,0,0,0,1,1,
C:\Users\quant\Documents\DeerSolarGames\LighthouseCRY\LighthouseCRY\Code\Components\Explosion.cpp,CExplosionComponent::Initialize(),2,2,2,0,0,0,0,0,
C:\Users\quant\Documents\DeerSolarGames\LighthouseCRY\LighthouseCRY\Code\Components\Explosion.cpp,CExplosionComponent::Simulate(),12,10,10,0,2,0,0,0,
C:\Users\quant\Documents\DeerSolarGames\LighthouseCRY\LighthouseCRY\Code\Components\SpawnPoint.cpp,RegisterSpawnPointComponent(Schematyc::IEnvRegistrar& registrar),8,7,5,0,0,0,1,1,
C:\Users\quant\Documents\DeerSolarGames\LighthouseCRY\LighthouseCRY\Code\Components\SpawnPoint.cpp,CSpawnPointComponent::Initialize(),5,5,3,1,0,0,0,0,
C:\Users\quant\Documents\DeerSolarGames\LighthouseCRY\LighthouseCRY\Code\Components\SpawnPoint.cpp,CSpawnPointComponent::GetEventPriority() const,2,2,2,1,0,0,0,0,
C:\Users\quant\Documents\DeerSolarGames\LighthouseCRY\LighthouseCRY\Code\Components\SpawnPoint.cpp,CSpawnPointComponent::GetEventMask() const,2,2,2,1,0,0,0,0,
C:\Users\quant\Documents\DeerSolarGames\LighthouseCRY\LighthouseCRY\Code\Components\SpawnPoint.cpp,CSpawnPointComponent::ProcessEvent(const SEntityEvent& event),23,21,11,5,2,0,0,0,
C:\Users\quant\Documents\DeerSolarGames\LighthouseCRY\LighthouseCRY\Code\Components\Weapons\Projectile.cpp,RegisterProjectileComponent(Schematyc::IEnvRegistrar& registrar),8,7,5,0,0,0,1,1,
C:\Users\quant\Documents\DeerSolarGames\LighthouseCRY\LighthouseCRY\Code\Components\Weapons\Projectile.cpp,CProjectileComponent::~CProjectileComponent(),1,1,1,0,0,0,0,0,
C:\Users\quant\Documents\DeerSolarGames\LighthouseCRY\LighthouseCRY\Code\Components\Weapons\Projectile.cpp,CProjectileComponent::Initialize(),17,15,9,3,2,0,0,0,
C:\Users\quant\Documents\DeerSolarGames\LighthouseCRY\LighthouseCRY\Code\Components\Weapons\Projectile.cpp,CProjectileComponent::GetEventMask() const,2,2,2,1,0,0,0,0,
C:\Users\quant\Documents\DeerSolarGames\LighthouseCRY\LighthouseCRY\Code\Components\Weapons\Projectile.cpp,CProjectileComponent::ProcessEvent(const SEntityEvent& event),28,26,14,5,2,0,0,0,
C:\Users\quant\Documents\DeerSolarGames\LighthouseCRY\LighthouseCRY\Code\Components\Weapons\Projectile.cpp,"CProjectileComponent::SpawnExplosion(const Vec3& pt, const Vec3& normal)",7,7,7,0,0,0,0,0,
C:\Users\quant\Documents\DeerSolarGames\LighthouseCRY\LighthouseCRY\Code\Components\Weapons\Weapon.cpp,ReflectType(Schematyc::CTypeDesc<CWeaponComponent::SStartShotSignal>& desc),3,3,3,0,0,0,0,0,
C:\Users\quant\Documents\DeerSolarGames\LighthouseCRY\LighthouseCRY\Code\Components\Weapons\Weapon.cpp,ReflectType(Schematyc::CTypeDesc<CWeaponComponent::SStopShotSignal>& desc),3,3,3,0,0,0,0,0,
C:\Users\quant\Documents\DeerSolarGames\LighthouseCRY\LighthouseCRY\Code\Components\Weapons\Weapon.cpp,RegisterWeaponComponent(Schematyc::IEnvRegistrar& registrar),16,13,10,0,1,0,2,2,
C:\Users\quant\Documents\DeerSolarGames\LighthouseCRY\LighthouseCRY\Code\Components\Weapons\Weapon.cpp,CWeaponComponent::~CWeaponComponent(),1,1,1,0,0,0,0,0,
C:\Users\quant\Documents\DeerSolarGames\LighthouseCRY\LighthouseCRY\Code\Components\Weapons\Weapon.cpp,CWeaponComponent::StartShootEvent(),5,5,3,1,0,0,0,0,
C:\Users\quant\Documents\DeerSolarGames\LighthouseCRY\LighthouseCRY\Code\Components\Weapons\Weapon.cpp,CWeaponComponent::StopShootEvent(),5,5,3,1,0,0,0,0,
C:\Users\quant\Documents\DeerSolarGames\LighthouseCRY\LighthouseCRY\Code\Components\Weapons\Weapon.cpp,CWeaponComponent::Initialize(),8,4,4,0,2,0,2,10,
C:\Users\quant\Documents\DeerSolarGames\LighthouseCRY\LighthouseCRY\Code\Components\Weapons\Weapon.cpp,CWeaponComponent::GetEventPriority() const,4,2,2,1,0,0,2,25,
C:\Users\quant\Documents\DeerSolarGames\LighthouseCRY\LighthouseCRY\Code\Components\Weapons\Weapon.cpp,CWeaponComponent::GetEventMask() const,2,2,2,1,0,0,0,0,
C:\Users\quant\Documents\DeerSolarGames\LighthouseCRY\LighthouseCRY\Code\Components\Weapons\Weapon.cpp,CWeaponComponent::ProcessEvent(const SEntityEvent& event),29,23,12,4,5,0,1,2,
C:\Users\quant\Documents\DeerSolarGames\LighthouseCRY\LighthouseCRY\Code\Components\Weapons\Weapon.cpp,CWeaponComponent::SpawnProjectile(),8,7,7,0,1,0,0,0,
C:\Users\quant\Documents\DeerSolarGames\LighthouseCRY\LighthouseCRY\Code\Components\Weapons\WeaponAttachment.cpp,RegisterWeaponsAttachment(Schematyc::IEnvRegistrar& registrar),14,13,10,0,0,0,1,1,
C:\Users\quant\Documents\DeerSolarGames\LighthouseCRY\LighthouseCRY\Code\Components\Weapons\WeaponAttachment.cpp,CWeaponAttachementComponent::~CWeaponAttachementComponent(),2,2,2,0,0,0,0,0,
C:\Users\quant\Documents\DeerSolarGames\LighthouseCRY\LighthouseCRY\Code\Components\Weapons\WeaponAttachment.cpp,CWeaponAttachementComponent::Initialize(),2,2,2,0,0,0,0,0,
C:\Users\quant\Documents\DeerSolarGames\LighthouseCRY\LighthouseCRY\Code\Components\Weapons\WeaponAttachment.cpp,CWeaponAttachementComponent::GetEventMask() const,2,2,2,1,0,0,0,0,
C:\Users\quant\Documents\DeerSolarGames\LighthouseCRY\LighthouseCRY\Code\Components\Weapons\WeaponAttachment.cpp,CWeaponAttachementComponent::ProcessEvent(const SEntityEvent& event),20,12,7,2,5,0,3,31,
C:\Users\quant\Documents\DeerSolarGames\LighthouseCRY\LighthouseCRY\Code\Components\Weapons\WeaponAttachment.cpp,CWeaponAttachementComponent::RemoveCurrentWeapon(),6,6,4,1,0,0,0,0,
C:\Users\quant\Documents\DeerSolarGames\LighthouseCRY\LighthouseCRY\Code\Components\Weapons\WeaponAttachment.cpp,CWeaponAttachementComponent::StartShoot(),6,6,4,1,0,0,0,0,
C:\Users\quant\Documents\DeerSolarGames\LighthouseCRY\LighthouseCRY\Code\Components\Weapons\WeaponAttachment.cpp,CWeaponAttachementComponent::StopShoot(),6,6,4,1,0,0,0,0,
C:\Users\quant\Documents\DeerSolarGames\LighthouseCRY\LighthouseCRY\Code\Components\Weapons\WeaponAttachment.cpp,CWeaponAttachementComponent::SpawnWeaponEntity(),15,11,9,1,2,0,2,19,
C:\Users\quant\Documents\DeerSolarGames\LighthouseCRY\LighthouseCRY\Code\DRS\ActionShowGameSubtitle.cpp,CActionShowGameSubtitle::Execute(DRS::IResponseInstance* pResponseInstance),19,18,12,4,1,0,0,0,
C:\Users\quant\Documents\DeerSolarGames\LighthouseCRY\LighthouseCRY\Code\DRS\ActionShowGameSubtitle.cpp,CActionShowGameSubtitle::GetVerboseInfo() const,2,2,2,1,0,0,0,0,
C:\Users\quant\Documents\DeerSolarGames\LighthouseCRY\LighthouseCRY\Code\DRS\ActionShowGameSubtitle.cpp,CActionShowGameSubtitle::Serialize(Serialization::IArchive& ar),2,2,2,0,0,0,0,0,
C:\Users\quant\Documents\DeerSolarGames\LighthouseCRY\LighthouseCRY\Code\External\ObserverManager\BaseObserverProtocol.cpp,BaseObserverProtocol::BaseObserverProtocol(),2,2,2,0,0,0,0,0,
C:\Users\quant\Documents\DeerSolarGames\LighthouseCRY\LighthouseCRY\Code\External\ObserverManager\BaseObserverProtocol.cpp,BaseObserverProtocol::BaseObserverProtocol(const BaseObserverProtocol&),2,2,2,0,0,0,0,0,
C:\Users\quant\Documents\DeerSolarGames\LighthouseCRY\LighthouseCRY\Code\External\ObserverManager\BaseObserverProtocol.cpp,BaseObserverProtocol::BaseObserverProtocol(BaseObserverProtocol&&),2,2,2,0,0,0,0,0,
C:\Users\quant\Documents\DeerSolarGames\LighthouseCRY\LighthouseCRY\Code\External\ObserverManager\BaseObserverProtocol.cpp,BaseObserverProtocol::operator=(const BaseObserverProtocol&),3,2,2,1,0,0,1,2,
C:\Users\quant\Documents\DeerSolarGames\LighthouseCRY\LighthouseCRY\Code\External\ObserverManager\BaseObserverProtocol.cpp,BaseObserverProtocol::operator=(BaseObserverProtocol&&),3,2,2,1,0,0,1,2,
C:\Users\quant\Documents\DeerSolarGames\LighthouseCRY\LighthouseCRY\Code\External\ObserverManager\BaseObserverProtocol.cpp,BaseObserverProtocol::~BaseObserverProtocol(),2,2,2,0,0,0,0,0,
C:\Users\quant\Documents\DeerSolarGames\LighthouseCRY\LighthouseCRY\Code\External\ObserverManager\BaseObserverProtocol.cpp,BaseObserverProtocol::setNextObserverId(),3,3,3,0,0,0,0,0,
C:\Users\quant\Documents\DeerSolarGames\LighthouseCRY\LighthouseCRY\Code\FlowNodes\EntityFlowNode.cpp,CEntityFlowNodeFactory::CEntityFlowNodeFactory(const char* className),3,3,3,0,0,0,0,0,
C:\Users\quant\Documents\DeerSolarGames\LighthouseCRY\LighthouseCRY\Code\FlowNodes\EntityFlowNode.cpp,CEntityFlowNodeFactory::~CEntityFlowNodeFactory(),3,3,3,0,0,0,0,0,
C:\Users\quant\Documents\DeerSolarGames\LighthouseCRY\LighthouseCRY\Code\FlowNodes\EntityFlowNode.cpp,CEntityFlowNodeFactory::Reset(),1,1,1,0,0,0,0,0,
C:\Users\quant\Documents\DeerSolarGames\LighthouseCRY\LighthouseCRY\Code\FlowNodes\EntityFlowNode.cpp,CEntityFlowNodeFactory::MakeHumanName(SInputPortConfig& config),4,4,3,1,0,0,0,0,
C:\Users\quant\Documents\DeerSolarGames\LighthouseCRY\LighthouseCRY\Code\FlowNodes\EntityFlowNode.cpp,CEntityFlowNodeFactory::UnregisterFactory(),5,5,3,1,0,0,0,0,
C:\Users\quant\Documents\DeerSolarGames\LighthouseCRY\LighthouseCRY\Code\FlowNodes\EntityFlowNode.cpp,"CEntityFlowNodeFactory::AddInputs(const std::vector<SInputPortConfig>& inputs, FlowNodeOnActivateFunction callback)",8,7,7,0,1,0,0,0,
C:\Users\quant\Documents\DeerSolarGames\LighthouseCRY\LighthouseCRY\Code\FlowNodes\EntityFlowNode.cpp,"CEntityFlowNodeFactory::AddInput(IEntityClass::EventValueType type, const char* name, FlowNodeInputFunction callback)",33,32,23,8,1,0,0,0,
C:\Users\quant\Documents\DeerSolarGames\LighthouseCRY\LighthouseCRY\Code\FlowNodes\EntityFlowNode.cpp,CEntityFlowNodeFactory::AddOutputs(const std::vector<SOutputPortConfig>& outputs),2,2,2,0,0,0,0,0,
C:\Users\quant\Documents\DeerSolarGames\LighthouseCRY\LighthouseCRY\Code\FlowNodes\EntityFlowNode.cpp,"CEntityFlowNodeFactory::AddOutput(IEntityClass::EventValueType type, const char* name, const char* description)",27,26,17,9,1,0,0,0,
C:\Users\quant\Documents\DeerSolarGames\LighthouseCRY\LighthouseCRY\Code\FlowNodes\EntityFlowNode.cpp,CEntityFlowNodeFactory::Close(),7,4,4,0,1,0,2,23,
C:\Users\quant\Documents\DeerSolarGames\LighthouseCRY\LighthouseCRY\Code\FlowNodes\EntityFlowNode.cpp,CEntityFlowNodeFactory::GetConfiguration(SFlowNodeConfig& config),28,22,16,2,4,1,2,25,
C:\Users\quant\Documents\DeerSolarGames\LighthouseCRY\LighthouseCRY\Code\FlowNodes\EntityFlowNode.cpp,CEntityFlowNodeFactory::Create(IFlowNode::SActivationInfo* pActInfo),2,2,2,1,0,0,0,0,
C:\Users\quant\Documents\DeerSolarGames\LighthouseCRY\LighthouseCRY\Code\FlowNodes\EntityFlowNode.cpp,"CEntityFlowNode::CEntityFlowNode(CEntityFlowNodeFactory* pClass, SActivationInfo* pActInfo)",5,5,5,0,0,0,0,0,
C:\Users\quant\Documents\DeerSolarGames\LighthouseCRY\LighthouseCRY\Code\FlowNodes\EntityFlowNode.cpp,CEntityFlowNode::Clone(SActivationInfo* pActInfo),3,3,3,1,0,0,0,0,
C:\Users\quant\Documents\DeerSolarGames\LighthouseCRY\LighthouseCRY\Code\FlowNodes\EntityFlowNode.cpp,CEntityFlowNode::GetConfiguration(SFlowNodeConfig& config),2,2,2,0,0,0,0,0,
C:\Users\quant\Documents\DeerSolarGames\LighthouseCRY\LighthouseCRY\Code\FlowNodes\EntityFlowNode.cpp,"CEntityFlowNode::ProcessEvent(EFlowEvent event, SActivationInfo* pActInfo)",56,52,28,11,4,0,0,0,
C:\Users\quant\Documents\DeerSolarGames\LighthouseCRY\LighthouseCRY\Code\FlowNodes\EntityFlowNode.cpp,"CEntityFlowNode::OnEntityEvent(IEntity* pEntity, const SEntityEvent& event)",34,24,14,8,6,0,4,84,
C:\Users\quant\Documents\DeerSolarGames\LighthouseCRY\LighthouseCRY\Code\FlowNodes\EntityFlowNode.cpp,"CEntityFlowNode::SerializeXML(SActivationInfo* pActivatioNInfo, const XmlNodeRef& root, bool reading)",2,2,2,1,0,0,0,0,
C:\Users\quant\Documents\DeerSolarGames\LighthouseCRY\LighthouseCRY\Code\Framework\CameraController.cpp,RegisterCameraControllerComponent(Schematyc::IEnvRegistrar& registrar),8,7,5,0,0,0,1,1,
C:\Users\quant\Documents\DeerSolarGames\LighthouseCRY\LighthouseCRY\Code\Framework\CameraController.cpp,CCameraControllerComponent::CCameraControllerComponent(),2,1,1,0,1,0,0,0,
C:\Users\quant\Documents\DeerSolarGames\LighthouseCRY\LighthouseCRY\Code\Framework\CameraController.cpp,CCameraControllerComponent::~CCameraControllerComponent(),2,1,1,0,1,0,0,0,
C:\Users\quant\Documents\DeerSolarGames\LighthouseCRY\LighthouseCRY\Code\Framework\CameraController.cpp,CCameraControllerComponent::Initialize(),12,10,7,2,2,0,0,0,
C:\Users\quant\Documents\DeerSolarGames\LighthouseCRY\LighthouseCRY\Code\Framework\CameraController.cpp,CCameraControllerComponent::GetEventMask() const,2,2,2,1,0,0,0,0,
C:\Users\quant\Documents\DeerSolarGames\LighthouseCRY\LighthouseCRY\Code\Framework\CameraController.cpp,CCameraControllerComponent::GetEventPriority() const,2,2,2,1,0,0,0,0,
C:\Users\quant\Documents\DeerSolarGames\LighthouseCRY\LighthouseCRY\Code\Framework\CameraController.cpp,CCameraControllerComponent::ProcessEvent(const SEntityEvent& event),33,28,16,6,5,0,0,0,
C:\Users\quant\Documents\DeerSolarGames\LighthouseCRY\LighthouseCRY\Code\Framework\CameraController.cpp,CCameraControllerComponent::UpdateCamera(),146,93,75,12,44,0,9,29,
C:\Users\quant\Documents\DeerSolarGames\LighthouseCRY\LighthouseCRY\Code\Framework\CameraController.cpp,CCameraControllerComponent::SetOffset(const Vec3& offset),2,2,2,0,0,0,0,0,
C:\Users\quant\Documents\DeerSolarGames\LighthouseCRY\LighthouseCRY\Code\Framework\CameraController.cpp,CCameraControllerComponent::CameraZoom(const float& value),3,3,3,0,0,0,0,0,
C:\Users\quant\Documents\DeerSolarGames\LighthouseCRY\LighthouseCRY\Code\Framework\CameraController.cpp,"CCameraControllerComponent::CollisionDetection(const Vec3& TargetPosition, Vec3& CameraPosition)",19,17,10,3,2,0,0,0,
C:\Users\quant\Documents\DeerSolarGames\LighthouseCRY\LighthouseCRY\Code\Framework\CameraController.cpp,CCameraControllerComponent::UpdateInputs(),20,13,11,2,3,0,4,57,
C:\Users\quant\Documents\DeerSolarGames\LighthouseCRY\LighthouseCRY\Code\Framework\CameraController.cpp,CCameraControllerComponent::GetRotationDelta(),2,2,2,1,0,0,0,0,
C:\Users\quant\Documents\DeerSolarGames\LighthouseCRY\LighthouseCRY\Code\Framework\CameraController.cpp,CCameraControllerComponent::GetPitchDelta(),2,2,2,1,0,0,0,0,
C:\Users\quant\Documents\DeerSolarGames\LighthouseCRY\LighthouseCRY\Code\Framework\CameraController.cpp,CCameraControllerComponent::GetYawDelta(),2,2,2,1,0,0,0,0,
C:\Users\quant\Documents\DeerSolarGames\LighthouseCRY\LighthouseCRY\Code\Framework\CameraController.cpp,CCameraControllerComponent::GetMousePitchDelta(),2,2,2,1,0,0,0,0,
C:\Users\quant\Documents\DeerSolarGames\LighthouseCRY\LighthouseCRY\Code\Framework\CameraController.cpp,CCameraControllerComponent::GetMouseYawDelta(),2,2,2,1,0,0,0,0,
C:\Users\quant\Documents\DeerSolarGames\LighthouseCRY\LighthouseCRY\Code\Framework\CameraController.cpp,CCameraControllerComponent::GetXiPitchDelta(),2,2,2,1,0,0,0,0,
C:\Users\quant\Documents\DeerSolarGames\LighthouseCRY\LighthouseCRY\Code\Framework\CameraController.cpp,CCameraControllerComponent::GetXiYawDelta(),2,2,2,1,0,0,0,0,
C:\Users\quant\Documents\DeerSolarGames\LighthouseCRY\LighthouseCRY\Code\Framework\CameraController.cpp,"CCameraControllerComponent::OnMouseX(int activationMode, float value)",8,4,4,0,2,0,2,11,
C:\Users\quant\Documents\DeerSolarGames\LighthouseCRY\LighthouseCRY\Code\Framework\CameraController.cpp,"CCameraControllerComponent::OnMouseY(int activationMode, float value)",9,5,5,0,2,0,2,18,
C:\Users\quant\Documents\DeerSolarGames\LighthouseCRY\LighthouseCRY\Code\Framework\CameraController.cpp,"CCameraControllerComponent::OnYawDeltaXIRight(int activationMode, float value)",7,6,4,1,1,0,0,0,
C:\Users\quant\Documents\DeerSolarGames\LighthouseCRY\LighthouseCRY\Code\Framework\CameraController.cpp,"CCameraControllerComponent::OnPitchDeltaXIRight(int activationMode, float value)",7,6,4,1,1,0,0,0,
C:\Users\quant\Documents\DeerSolarGames\LighthouseCRY\LighthouseCRY\Code\Framework\CameraController.cpp,"CCameraControllerComponent::OnMouseWheel(int activationMode, float value)",3,3,3,0,0,0,0,0,
C:\Users\quant\Documents\DeerSolarGames\LighthouseCRY\LighthouseCRY\Code\Framework\CameraController.cpp,"CCameraControllerComponent::OnMouseButtonRight(int activationMode, float value)",15,14,10,2,1,0,0,0,
C:\Users\quant\Documents\DeerSolarGames\LighthouseCRY\LighthouseCRY\Code\Framework\CameraController.cpp,"CCameraControllerComponent::OnTriggerXIRight(int activationMode, float value)",14,14,10,1,0,0,0,0,
C:\Users\quant\Documents\DeerSolarGames\LighthouseCRY\LighthouseCRY\Code\Framework\CameraController.cpp,CCameraControllerComponent::OnPawnStartFight(),5,5,5,0,0,0,0,0,
C:\Users\quant\Documents\DeerSolarGames\LighthouseCRY\LighthouseCRY\Code\Framework\CameraController.cpp,CCameraControllerComponent::OnPawnReleaseFight(),4,4,4,0,0,0,0,0,
C:\Users\quant\Documents\DeerSolarGames\LighthouseCRY\LighthouseCRY\Code\Framework\PlayerController.cpp,RegisterPlayerControllerComponent(Schematyc::IEnvRegistrar& registrar),10,9,7,0,0,0,1,1,
C:\Users\quant\Documents\DeerSolarGames\LighthouseCRY\LighthouseCRY\Code\Framework\PlayerController.cpp,CPlayerController::Initialize(),20,16,11,3,4,0,0,0,
C:\Users\quant\Documents\DeerSolarGames\LighthouseCRY\LighthouseCRY\Code\Framework\PlayerController.cpp,CPlayerController::GetEventMask() const,3,3,2,1,0,0,0,0,
C:\Users\quant\Documents\DeerSolarGames\LighthouseCRY\LighthouseCRY\Code\Framework\PlayerController.cpp,CPlayerController::ProcessEvent(const SEntityEvent& event),29,24,14,5,3,0,2,5,
C:\Users\quant\Documents\DeerSolarGames\LighthouseCRY\LighthouseCRY\Code\Framework\PlayerController.cpp,CPlayerController::AlexSpawn(),20,16,14,1,4,0,0,0,
C:\Users\quant\Documents\DeerSolarGames\LighthouseCRY\LighthouseCRY\Code\Framework\PlayerController.cpp,CPlayerController::AssistantSpawn(),19,15,13,1,4,0,0,0,
C:\Users\quant\Documents\DeerSolarGames\LighthouseCRY\LighthouseCRY\Code\Framework\PlayerInput.cpp,CPlayerInput::RegisterActionMaps(IEntity* inputListener),73,51,73,0,22,0,0,0,
C:\Users\quant\Documents\DeerSolarGames\LighthouseCRY\LighthouseCRY\Code\Framework\UIManager.cpp,CUIManager::CUIManager(),8,7,5,1,1,0,0,0,
C:\Users\quant\Documents\DeerSolarGames\LighthouseCRY\LighthouseCRY\Code\Framework\UIManager.cpp,CUIManager::~CUIManager(),2,2,2,0,0,0,0,0,
C:\Users\quant\Documents\DeerSolarGames\LighthouseCRY\LighthouseCRY\Code\Framework\UIManager.cpp,CUIManager::OnStartSelectTargetForAssistant(),5,5,3,1,0,0,0,0,
C:\Users\quant\Documents\DeerSolarGames\LighthouseCRY\LighthouseCRY\Code\Framework\UIManager.cpp,CUIManager::OnReleaseSelectTargetForAssistant(),5,5,3,1,0,0,0,0,
C:\Users\quant\Documents\DeerSolarGames\LighthouseCRY\LighthouseCRY\Code\Framework\UIManager.cpp,CUIManager::OnPawnStartFight(),5,5,3,1,0,0,0,0,
C:\Users\quant\Documents\DeerSolarGames\LighthouseCRY\LighthouseCRY\Code\Framework\UIManager.cpp,CUIManager::OnPawnReleaseFight(),5,5,3,1,0,0,0,0,
C:\Users\quant\Documents\DeerSolarGames\LighthouseCRY\LighthouseCRY\Code\Framework\CameraController.h,ReflectType(Schematyc::CTypeDesc<ECameraType>& desc),10,10,10,0,0,0,0,0,
C:\Users\quant\Documents\DeerSolarGames\LighthouseCRY\LighthouseCRY\Code\Framework\Events\PawnEvents.cpp,CPawnEvents::SendEvent(EPawnEvent pawnEvent),21,21,13,7,0,0,0,0,
C:\Users\quant\Documents\DeerSolarGames\LighthouseCRY\LighthouseCRY\Code\Framework\Events\PawnEvents.cpp,CPawnEvents::Subscribe(IPawnEvents* entity),2,2,2,0,0,0,0,0,
C:\Users\quant\Documents\DeerSolarGames\LighthouseCRY\LighthouseCRY\Code\Framework\Events\PawnEvents.cpp,CPawnEvents::Unsubscribe(IPawnEvents* entity),2,2,2,0,0,0,0,0,
C:\Users\quant\Documents\DeerSolarGames\LighthouseCRY\LighthouseCRY\Code\Pawns\Alex.cpp,ReflectType(Schematyc::CTypeDesc<SSetDrivingSignal>& desc),3,3,3,0,0,0,0,0,
C:\Users\quant\Documents\DeerSolarGames\LighthouseCRY\LighthouseCRY\Code\Pawns\Alex.cpp,ReflectType(Schematyc::CTypeDesc<SReleaseDrivingSignal>& desc),3,3,3,0,0,0,0,0,
C:\Users\quant\Documents\DeerSolarGames\LighthouseCRY\LighthouseCRY\Code\Pawns\Alex.cpp,ReflectType(Schematyc::CTypeDesc<SStartResearchTargetingSignal>& desc),3,3,3,0,0,0,0,0,
C:\Users\quant\Documents\DeerSolarGames\LighthouseCRY\LighthouseCRY\Code\Pawns\Alex.cpp,ReflectType(Schematyc::CTypeDesc<SStopResearchTargetingSignal>& desc),3,3,3,0,0,0,0,0,
C:\Users\quant\Documents\DeerSolarGames\LighthouseCRY\LighthouseCRY\Code\Pawns\Alex.cpp,ReflectType(Schematyc::CTypeDesc<SDeathSignal>& desc),3,3,3,0,0,0,0,0,
C:\Users\quant\Documents\DeerSolarGames\LighthouseCRY\LighthouseCRY\Code\Pawns\Alex.cpp,ReflectType(Schematyc::CTypeDesc<SStartFightSignal>& desc),3,3,3,0,0,0,0,0,
C:\Users\quant\Documents\DeerSolarGames\LighthouseCRY\LighthouseCRY\Code\Pawns\Alex.cpp,ReflectType(Schematyc::CTypeDesc<SReleaseFightSignal>& desc),3,3,3,0,0,0,0,0,
C:\Users\quant\Documents\DeerSolarGames\LighthouseCRY\LighthouseCRY\Code\Pawns\Alex.cpp,ReflectType(Schematyc::CTypeDesc<SStartFire>& desc),3,3,3,0,0,0,0,0,
C:\Users\quant\Documents\DeerSolarGames\LighthouseCRY\LighthouseCRY\Code\Pawns\Alex.cpp,ReflectType(Schematyc::CTypeDesc<SStopFire>& desc),3,3,3,0,0,0,0,0,
C:\Users\quant\Documents\DeerSolarGames\LighthouseCRY\LighthouseCRY\Code\Pawns\Alex.cpp,RegisterAlexPlayer(Schematyc::IEnvRegistrar& registrar),55,52,41,0,1,0,2,2,
C:\Users\quant\Documents\DeerSolarGames\LighthouseCRY\LighthouseCRY\Code\Pawns\Alex.cpp,CAlexPlayer::~CAlexPlayer(),2,2,2,0,0,0,0,0,
C:\Users\quant\Documents\DeerSolarGames\LighthouseCRY\LighthouseCRY\Code\Pawns\Alex.cpp,CAlexPlayer::Initialize(),55,23,23,0,22,0,10,21,
C:\Users\quant\Documents\DeerSolarGames\LighthouseCRY\LighthouseCRY\Code\Pawns\Alex.cpp,CAlexPlayer::GetEventMask() const,3,3,2,1,0,0,0,0,
C:\Users\quant\Documents\DeerSolarGames\LighthouseCRY\LighthouseCRY\Code\Pawns\Alex.cpp,CAlexPlayer::ProcessEvent(const SEntityEvent& event),82,52,29,11,12,0,18,69,
C:\Users\quant\Documents\DeerSolarGames\LighthouseCRY\LighthouseCRY\Code\Pawns\Alex.cpp,CAlexPlayer::FindCover(),40,34,24,7,5,0,1,1,
C:\Users\quant\Documents\DeerSolarGames\LighthouseCRY\LighthouseCRY\Code\Pawns\Alex.cpp,CAlexPlayer::CheckCover(),24,23,13,4,1,0,0,0,
C:\Users\quant\Documents\DeerSolarGames\LighthouseCRY\LighthouseCRY\Code\Pawns\Alex.cpp,CAlexPlayer::SpawnCursorEntity(),26,16,14,1,5,0,5,22,
C:\Users\quant\Documents\DeerSolarGames\LighthouseCRY\LighthouseCRY\Code\Pawns\Alex.cpp,CAlexPlayer::RemoveTargetMeshToAssistant(),3,3,3,0,0,0,0,0,
C:\Users\quant\Documents\DeerSolarGames\LighthouseCRY\LighthouseCRY\Code\Pawns\Alex.cpp,CAlexPlayer::RemoveCursorEntity(),6,6,4,1,0,0,0,0,
C:\Users\quant\Documents\DeerSolarGames\LighthouseCRY\LighthouseCRY\Code\Pawns\Alex.cpp,CAlexPlayer::UpdateCursor(),35,26,20,2,9,0,0,0,
C:\Users\quant\Documents\DeerSolarGames\LighthouseCRY\LighthouseCRY\Code\Pawns\Alex.cpp,CAlexPlayer::RandomLookAt(),29,23,13,4,4,0,2,6,
C:\Users\quant\Documents\DeerSolarGames\LighthouseCRY\LighthouseCRY\Code\Pawns\Alex.cpp,CAlexPlayer::SendSchematycSignal(const T& event),5,5,3,1,0,0,0,0,
C:\Users\quant\Documents\DeerSolarGames\LighthouseCRY\LighthouseCRY\Code\Pawns\Alex.cpp,CAlexPlayer::UpdateAnimation(),19,17,11,2,2,0,0,0,
C:\Users\quant\Documents\DeerSolarGames\LighthouseCRY\LighthouseCRY\Code\Pawns\Alex.cpp,CAlexPlayer::UpdateLookAt(),40,22,18,2,15,0,3,14,
C:\Users\quant\Documents\DeerSolarGames\LighthouseCRY\LighthouseCRY\Code\Pawns\Alex.cpp,"CAlexPlayer::OnForward(int activationMode, float value)",2,2,2,0,0,0,0,0,
C:\Users\quant\Documents\DeerSolarGames\LighthouseCRY\LighthouseCRY\Code\Pawns\Alex.cpp,"CAlexPlayer::OnBackward(int activationMode, float value)",2,2,2,0,0,0,0,0,
C:\Users\quant\Documents\DeerSolarGames\LighthouseCRY\LighthouseCRY\Code\Pawns\Alex.cpp,"CAlexPlayer::OnLeft(int activationMode, float value)",2,2,2,0,0,0,0,0,
C:\Users\quant\Documents\DeerSolarGames\LighthouseCRY\LighthouseCRY\Code\Pawns\Alex.cpp,"CAlexPlayer::OnRight(int activationMode, float value)",2,2,2,0,0,0,0,0,
C:\Users\quant\Documents\DeerSolarGames\LighthouseCRY\LighthouseCRY\Code\Pawns\Alex.cpp,"CAlexPlayer::OnShift(int activationMode, float value)",9,9,5,2,0,0,0,0,
C:\Users\quant\Documents\DeerSolarGames\LighthouseCRY\LighthouseCRY\Code\Pawns\Alex.cpp,"CAlexPlayer::OnXI_B(int activationMode, float value)",9,9,5,2,0,0,0,0,
C:\Users\quant\Documents\DeerSolarGames\LighthouseCRY\LighthouseCRY\Code\Pawns\Alex.cpp,"CAlexPlayer::OnMouseX(int activationMode, float value)",2,2,2,0,0,0,0,0,
C:\Users\quant\Documents\DeerSolarGames\LighthouseCRY\LighthouseCRY\Code\Pawns\Alex.cpp,"CAlexPlayer::OnMouseY(int activationMode, float value)",2,2,2,0,0,0,0,0,
C:\Users\quant\Documents\DeerSolarGames\LighthouseCRY\LighthouseCRY\Code\Pawns\Alex.cpp,CAlexPlayer::SpawnMeshTargetForAssistant(),24,16,14,1,5,0,3,13,
C:\Users\quant\Documents\DeerSolarGames\LighthouseCRY\LighthouseCRY\Code\Pawns\Alex.cpp,"CAlexPlayer::OnMouseButtonLeft(int activationMode, float value)",10,9,5,2,0,0,1,1,
C:\Users\quant\Documents\DeerSolarGames\LighthouseCRY\LighthouseCRY\Code\Pawns\Alex.cpp,"CAlexPlayer::OnF(int activationMode, float value)",9,9,5,2,0,0,0,0,
C:\Users\quant\Documents\DeerSolarGames\LighthouseCRY\LighthouseCRY\Code\Pawns\Alex.cpp,"CAlexPlayer::OnOne(int activationMode, float value)",6,6,4,1,0,0,0,0,
C:\Users\quant\Documents\DeerSolarGames\LighthouseCRY\LighthouseCRY\Code\Pawns\Alex.cpp,CAlexPlayer::SetFight(bool value),15,13,9,1,0,0,2,10,
C:\Users\quant\Documents\DeerSolarGames\LighthouseCRY\LighthouseCRY\Code\Pawns\Alex.cpp,"CAlexPlayer::OnMouseButtonRight(int activationMode, float value)",15,13,9,2,0,0,2,2,
C:\Users\quant\Documents\DeerSolarGames\LighthouseCRY\LighthouseCRY\Code\Pawns\Alex.cpp,"CAlexPlayer::OnYawDeltaXILeft(int activationMode, float value)",2,2,2,0,0,0,0,0,
C:\Users\quant\Documents\DeerSolarGames\LighthouseCRY\LighthouseCRY\Code\Pawns\Alex.cpp,"CAlexPlayer::OnPitchDeltaXILeft(int activationMode, float value)",2,2,2,0,0,0,0,0,
C:\Users\quant\Documents\DeerSolarGames\LighthouseCRY\LighthouseCRY\Code\Pawns\Alex.cpp,"CAlexPlayer::OnYawDeltaXIRight(int activationMode, float value)",2,2,2,0,0,0,0,0,
C:\Users\quant\Documents\DeerSolarGames\LighthouseCRY\LighthouseCRY\Code\Pawns\Alex.cpp,"CAlexPlayer::OnPitchDeltaXIRight(int activationMode, float value)",2,2,2,0,0,0,0,0,
C:\Users\quant\Documents\DeerSolarGames\LighthouseCRY\LighthouseCRY\Code\Pawns\Alex.cpp,"CAlexPlayer::OnEnter(int activationMode, float value)",17,13,9,2,3,0,1,2,
C:\Users\quant\Documents\DeerSolarGames\LighthouseCRY\LighthouseCRY\Code\Pawns\Alex.cpp,"CAlexPlayer::OnXI_A(int activationMode, float value)",9,9,5,2,0,0,0,0,
C:\Users\quant\Documents\DeerSolarGames\LighthouseCRY\LighthouseCRY\Code\Pawns\Alex.cpp,"CAlexPlayer::OnTriggerXIRight(int activationMode, float value)",15,13,9,1,0,0,2,2,
C:\Users\quant\Documents\DeerSolarGames\LighthouseCRY\LighthouseCRY\Code\Pawns\Alex.cpp,CAlexPlayer::GetOutTransport(),2,2,2,0,0,0,0,0,
C:\Users\quant\Documents\DeerSolarGames\LighthouseCRY\LighthouseCRY\Code\Pawns\Alex.cpp,CAlexPlayer::PhysicalizeDeath(),34,1,1,0,12,0,21,60,
C:\Users\quant\Documents\DeerSolarGames\LighthouseCRY\LighthouseCRY\Code\Pawns\Alex.cpp,CAlexPlayer::UpdateMovement(),42,26,18,3,10,0,6,39,
C:\Users\quant\Documents\DeerSolarGames\LighthouseCRY\LighthouseCRY\Code\Pawns\Alex.cpp,CAlexPlayer::UpdateFightMovement(),28,20,16,2,8,0,0,0,
C:\Users\quant\Documents\DeerSolarGames\LighthouseCRY\LighthouseCRY\Code\Pawns\Alex.cpp,CAlexPlayer::GetMovement(const Quat& baseRotation),49,38,26,12,11,0,0,0,
C:\Users\quant\Documents\DeerSolarGames\LighthouseCRY\LighthouseCRY\Code\Pawns\Alex.cpp,CAlexPlayer::GetXiMovement(const Quat& baseRotation),6,6,4,3,0,0,0,0,
C:\Users\quant\Documents\DeerSolarGames\LighthouseCRY\LighthouseCRY\Code\Pawns\Car.cpp,RegisterCarPlayer(Schematyc::IEnvRegistrar& registrar),5,5,4,0,0,0,0,0,
C:\Users\quant\Documents\DeerSolarGames\LighthouseCRY\LighthouseCRY\Code\Pawns\Car.cpp,CCarPlayer::~CCarPlayer(),2,2,2,0,0,0,0,0,
C:\Users\quant\Documents\DeerSolarGames\LighthouseCRY\LighthouseCRY\Code\Pawns\Car.cpp,CCarPlayer::Initialize(),9,6,6,0,3,0,0,0,
C:\Users\quant\Documents\DeerSolarGames\LighthouseCRY\LighthouseCRY\Code\Pawns\Car.cpp,CCarPlayer::GetEventPriority() const,2,2,2,1,0,0,0,0,
C:\Users\quant\Documents\DeerSolarGames\LighthouseCRY\LighthouseCRY\Code\Pawns\Car.cpp,CCarPlayer::GetEventMask() const,2,2,2,1,0,0,0,0,
C:\Users\quant\Documents\DeerSolarGames\LighthouseCRY\LighthouseCRY\Code\Pawns\Car.cpp,CCarPlayer::ProcessEvent(const SEntityEvent& event),23,14,8,3,2,0,7,49,
C:\Users\quant\Documents\DeerSolarGames\LighthouseCRY\LighthouseCRY\Code\Pawns\Car.cpp,CCarPlayer::GetCurrentGear(),4,4,4,1,0,0,0,0,
C:\Users\quant\Documents\DeerSolarGames\LighthouseCRY\LighthouseCRY\Code\Pawns\Car.cpp,CCarPlayer::GetEngineRPM(),4,4,4,1,0,0,0,0,
C:\Users\quant\Documents\DeerSolarGames\LighthouseCRY\LighthouseCRY\Code\Pawns\Car.cpp,CCarPlayer::GetThrottle(),4,4,4,1,0,0,0,0,
C:\Users\quant\Documents\DeerSolarGames\LighthouseCRY\LighthouseCRY\Code\Pawns\Car.cpp,CCarPlayer::GetFootBrake(),4,4,4,1,0,0,0,0,
C:\Users\quant\Documents\DeerSolarGames\LighthouseCRY\LighthouseCRY\Code\Pawns\Car.cpp,CCarPlayer::SetDriver(IEntity* driverEntity),4,4,4,0,0,0,0,0,
C:\Users\quant\Documents\DeerSolarGames\LighthouseCRY\LighthouseCRY\Code\Pawns\Car.cpp,CCarPlayer::ReleaseDriver(),6,6,6,0,0,0,0,0,
C:\Users\quant\Documents\DeerSolarGames\LighthouseCRY\LighthouseCRY\Code\Pawns\Car.cpp,CCarPlayer::InitializeWheels(),44,43,23,10,1,0,0,0,
C:\Users\quant\Documents\DeerSolarGames\LighthouseCRY\LighthouseCRY\Code\Pawns\Car.cpp,CCarPlayer::UpdateWheels(),60,52,40,6,8,0,0,0,
C:\Users\quant\Documents\DeerSolarGames\LighthouseCRY\LighthouseCRY\Code\Pawns\Car.cpp,"CCarPlayer::OnForward(int activationMode, float value)",17,17,9,4,0,0,0,0,
C:\Users\quant\Documents\DeerSolarGames\LighthouseCRY\LighthouseCRY\Code\Pawns\Car.cpp,"CCarPlayer::OnBackward(int activationMode, float value)",18,18,10,4,0,0,0,0,
C:\Users\quant\Documents\DeerSolarGames\LighthouseCRY\LighthouseCRY\Code\Pawns\Car.cpp,"CCarPlayer::OnLeft(int activationMode, float value)",17,17,9,4,0,0,0,0,
C:\Users\quant\Documents\DeerSolarGames\LighthouseCRY\LighthouseCRY\Code\Pawns\Car.cpp,"CCarPlayer::OnRight(int activationMode, float value)",17,17,9,4,0,0,0,0,
C:\Users\quant\Documents\DeerSolarGames\LighthouseCRY\LighthouseCRY\Code\Pawns\Car.cpp,"CCarPlayer::OnYawDeltaXILeft(int activationMode, float value)",6,6,4,1,0,0,0,0,
C:\Users\quant\Documents\DeerSolarGames\LighthouseCRY\LighthouseCRY\Code\Pawns\Car.cpp,"CCarPlayer::OnPitchDeltaXILeft(int activationMode, float value)",1,1,1,0,0,0,0,0,
C:\Users\quant\Documents\DeerSolarGames\LighthouseCRY\LighthouseCRY\Code\Pawns\Car.cpp,"CCarPlayer::OnMouseX(int activationMode, float value)",1,1,1,0,0,0,0,0,
C:\Users\quant\Documents\DeerSolarGames\LighthouseCRY\LighthouseCRY\Code\Pawns\Car.cpp,"CCarPlayer::OnMouseY(int activationMode, float value)",1,1,1,0,0,0,0,0,
C:\Users\quant\Documents\DeerSolarGames\LighthouseCRY\LighthouseCRY\Code\Pawns\Car.cpp,"CCarPlayer::OnYawDeltaXIRight(int activationMode, float value)",1,1,1,0,0,0,0,0,
C:\Users\quant\Documents\DeerSolarGames\LighthouseCRY\LighthouseCRY\Code\Pawns\Car.cpp,"CCarPlayer::OnPitchDeltaXIRight(int activationMode, float value)",1,1,1,0,0,0,0,0,
C:\Users\quant\Documents\DeerSolarGames\LighthouseCRY\LighthouseCRY\Code\Pawns\Car.cpp,"CCarPlayer::OnEnter(int activationMode, float value)",5,5,3,1,0,0,0,0,
C:\Users\quant\Documents\DeerSolarGames\LighthouseCRY\LighthouseCRY\Code\Pawns\Car.cpp,"CCarPlayer::OnTriggerXIRight(int activationMode, float value)",14,14,8,2,0,0,0,0,
